<?xml version="1.0" encoding="UTF-8"?>
    <addon id="repository.lean" name="Lean Repository" version="0.2.1" provider-name="PECONAUT">
        <requires>
            <import addon="xbmc.addon" version="12.0.0"/>
        </requires>
        <extension point="xbmc.addon.repository" name="Lean Repository">
            <info compressed="false">https://raw.githubusercontent.com/PECONAUT/lean/master/_plugins/addons.xml</info>
            <checksum>https://raw.githubusercontent.com/PECONAUT/lean/master/_plugins/addons.xml.md5</checksum>
            <datadir zip="true">https://raw.githubusercontent.com/PECONAUT/lean/master/_plugins/</datadir>
            <hashes>false</hashes>
        </extension>
        <extension point="xbmc.addon.metadata">
            <summary>#1</summary>
            <description>#1</description>
            <platform>all</platform>
    </extension>
</addon>